textID,sentiment
102f98e5e2,1
033b399113,0
c125e29be2,1
b91e2b0679,-1
1a46141274,0
45208fede8,1
12b042da32,-1
23dda65ff8,-1
636d7728af,1
a511a1b75c,0
75da2d8781,1
a4d3d57337,-1
8654c16daf,0
0833224565,0
cd62956082,1
d4e6940997,-1
7145ca9905,0
f72cf15d82,0
81fed730c6,-1
af30453dd1,0
866af11955,0
f7c6c2148f,-1
3bc468e133,1
99091c1127,1
2e0e42474c,0
0ec4c9e94d,0
b9f5e57121,1
d64c730eae,0
4db1888261,-1
e5791c5868,0
9b312b1da7,0
4c7a434909,0
d45948e05a,0
c3888f1048,1
118b735848,-1
36a02909c7,1
f69d938ff5,0
7e5850f0e1,1
3974f55e37,0
41f4ab6477,0
e99b79fbda,1
0979fa1d54,0
acb01fff71,-1
307b458f33,0
d0c4332f16,1
d8d378b3b9,-1
d56109169a,1
da27c32d2b,0
fcce64f91f,0
51ec26fba0,0
c9f8de59ea,0
2ec041aed4,0
3d3f5c8bba,1
d474ac0a3f,1
1f5e92359b,0
c7a3d8df4d,0
5fd65e2cc1,1
530c6cf86d,0
2e012fc093,0
e2e3f1ccee,-1
64be0f498e,1
1fdf0a4c4b,0
b84e588704,0
1844bc4cd3,-1
faec557cad,0
037ae09e4f,1
db397cd6e7,0
2b9bc0eb10,1
1f8fec3db2,-1
4646b4195d,-1
85270e23c3,0
c18b6aac86,0
f327ae0ce5,-1
6c794fe331,0
5b8f15579e,-1
3533d7a4ef,1
58299080b4,0
3ab0cd4eb0,1
897a66122f,1
44c71658d4,1
083658a00b,0
e8c5009736,-1
c1877a56eb,0
85a75e9635,-1
e34ad204e9,-1
8be8babbd7,-1
f0a917f20d,-1
76c51286bb,-1
d5fa003735,0
0a056156fd,1
08e2f9df55,1
9285ff827b,1
78c2f0c6ee,-1
7af95dae29,-1
700fc02300,-1
96bcf9b966,0
99c07ade84,0
606dff40a7,-1
24fc63ff85,1
62f2718ee0,1
2a904872ab,0
f322e76399,1
e4a0e15df9,0
66ea796503,1
d4e6823d99,1
85ffda7179,0
950259fc7d,0
42af29b476,-1
adcab3f50d,1
1e2fdcb1df,1
568c818446,0
23e786a830,1
5355a2ce0c,0
dc9e1e0632,1
2e78aaa2ef,0
31419f0887,0
9b9ae19334,0
5c77860c1b,0
463e0bacaf,0
97646971b1,-1
1fc59a5b70,0
8e6d32c6c3,0
bbbbbf4dca,0
001dcb11ef,0
4676de66e1,0
acdb0ef52e,-1
05b989b465,1
5d2b162b8a,0
cfb2032bad,-1
988eafadb1,0
8fbfabc877,-1
c1341abeba,1
f9dbc88f85,-1
2071227adf,-1
93d658a4fd,1
05cc8af0f0,0
202af23646,0
31c50efde3,0
f59c924f7e,0
9339c9d1bf,0
6d4111b680,1
31f4d128e7,0
372d486293,0
ee5af1019b,-1
adc081a62e,0
4d28c2920a,0
d31363093d,0
74f15ade8b,0
696592b809,0
9506186e07,0
63a8bd0b85,1
fa41759d50,0
b7e4b6c760,0
e3784b1d63,0
aa28253756,1
19410ac1ee,-1
316bce283f,0
6ebb33f982,0
286ec6db81,0
39a67199c6,0
7f58b5d239,1
0a112f74e6,-1
52ec4f8b45,0
0afc8ab79a,0
bf4a027b16,0
2c75054582,-1
52c20f6fe9,0
46ddfc24ca,-1
7f7183f849,0
6ad354bd4f,1
3549273079,-1
c7c39d2dc9,0
5502960400,1
8c5e186d05,-1
3d899c2dbe,-1
2391458d2f,1
77e2ffec43,1
aca5a311b6,0
e1aad751a7,0
dbb5139625,0
04a1c22839,-1
085f1256b6,1
29aabbc23c,1
98133263e4,-1
729eef0fa5,0
794563ad97,-1
5ce4376e4b,1
2619e98b00,0
9b0a7b24c6,1
ca6404fd64,1
7381992d4c,0
fcfb04c291,0
e5c5854a07,0
ea9f18f7f4,1
fdea6083e2,0
6a4019cc1a,0
f91d836841,0
e22df890ea,-1
4e424fe5a5,0
c89d368d84,0
769f9e88d3,-1
3f7a85a2f8,-1
bc86a9bdb0,0
e837523cd5,0
98bad6dc76,0
863c4fb256,1
0a97e0d020,-1
c1279ea153,-1
bf960eea3e,-1
3e47080d87,1
360abf2655,0
4fa9c10b20,1
cc6c22ea07,-1
02b66038b1,-1
8902bd5e0c,0
5945f2f0b1,0
cc1ba7bb94,0
8fa2a01d9e,-1
4f4395f869,1
1ade087aed,1
1c6c89edcc,0
89f3fceb84,0
0122bde04a,0
54e444b01c,1
9d3e47f679,1
d52ef2b1f2,-1
0d5dace2b0,1
75651111ab,0
fe3c7a40ac,-1
fae923d7df,1
0bc79737c8,-1
045a89f7ce,1
0b979e9d44,-1
53370335cb,1
2305fc32cf,1
a4d53f9a2e,-1
f475a922ea,0
71befea0e7,1
cbd531652e,-1
79c532a3c4,0
269ba368bc,0
5f1ae700e3,0
2a96235eb5,1
f98a5deafa,0
8a17e1b494,-1
118951b478,0
c70412c192,1
259db46343,0
fed43a5137,1
0ad24aa2d6,0
c3c1323ba6,1
1362f68461,0
e8f0e8cbe9,0
4cfaec6ead,0
0462065029,0
a49b8431d1,0
196f2b6fae,1
8a51318817,0
2a2e4e7ace,1
df7e42c21f,1
6817c013cf,-1
22a8ddeca5,-1
285a643823,1
a09547ad3f,0
852f33385d,0
fde2e3aa21,-1
bfc68ad740,-1
301f499600,0
adfddc21e9,0
5a9fbd5402,0
3123976f37,0
4f153d9e3e,0
fb53d3fcc3,0
ffdbe304cf,1
7204612fa3,0
fba16750be,1
c3132f5b44,-1
a94bb434fd,0
440052e308,1
7c95a06f6c,0
5d21e92058,0
3ab908a222,-1
d43529c2c6,1
1227a0d36d,0
5c9251dd87,1
41a492484b,-1
558969f549,-1
a81f3dbd32,1
bfdc015258,1
5d2bddb1fc,1
05385def3c,0
5fa7bd4ffc,1
f41fdeaa88,0
af906f96af,-1
510f68ac47,-1
3311bc3795,1
650488203f,0
dbf87bd359,0
9a4ca6f4e1,-1
d35d1de986,0
da3fd9f7a9,0
b73a9c3b5b,0
cc1b4c32b2,-1
17733a04c6,0
a5a596cdd0,0
1c0c9599ea,0
1ca4cef876,1
7f5f8e8906,1
abca48e3ec,1
63d187a7f5,1
716f38c144,-1
02fa9b3180,1
f83499b834,1
78c4f39b9e,1
27af5287ee,0
1805d9339f,0
159d70a804,-1
cee3508a15,0
a1451f921c,-1
2e0321e6f8,0
492188393e,1
6dbf195c34,0
e3683859c5,1
302a428232,1
692ef0c980,0
98c06fe4f5,1
002891c4d1,0
77060b84b8,0
aaedfa6145,0
ce9d4aa128,0
5c319010e9,1
ff98a45a8f,-1
ed57744cec,-1
cc61a384d8,1
6093f644d8,0
09f5a4202b,-1
e91ba80c0c,-1
f5fa737c6c,0
679644f5a3,0
2fb8653b1a,0
f9dbed2134,1
978f151d0b,-1
294958fe4b,0
f6441ae011,0
8d0d8ecf40,0
7952668d6e,0
d7c388d365,0
bd143d953f,0
1296719080,1
c13c7b6550,0
6fe3332976,0
1b2ae3ba74,0
f12e7e32ed,-1
d31c04110f,1
e65842707f,1
751ed745aa,0
37848356ef,0
1a6c2fc3dc,0
619c8523cd,0
b8feb36e7e,1
780639b555,0
5ca5b70c1e,1
298de3a59e,0
0b1c86299a,1
c91467994e,0
b6f2683196,0
4da09ed137,0
4a2a15e1d2,0
73fd730e45,0
bed890a926,0
197662a0b1,0
553ca6eef9,0
4cd6874512,1
772a06d4a6,0
36b3de415f,0
e864a63670,0
392988cc45,0
8314a32915,1
567d02858d,0
3be94645ce,0
506c25a8ea,1
f97aa1d908,0
81765f4a83,0
8235ad986e,-1
4722fdda92,-1
c7cc674e38,0
ec752d252e,0
b39fbe459b,1
1a93e2ea29,1
c9b44fb076,0
250f3d52f1,1
db3f82c040,0
67d2038ffe,0
3afc249c59,0
8d6efeb9d6,0
08525d43a9,0
30f67dd3bb,0
4aca62050e,0
8667fa1b38,1
548456ee5c,-1
1e204c38e0,0
08119d4bf8,1
411c290cd7,0
a8ef265686,0
91fac83f2a,0
b33c2276c2,1
3abeb68f84,0
e4be2c2e6c,1
80e1ce235e,0
1f5aa7e06c,-1
9bfda2465c,0
164ccb0be6,0
4d2ccc71fa,-1
3f18be4244,0
4c2307c237,1
5aa550463f,1
5eba1ba6db,0
c208d6d90c,0
ac06b906ca,0
820451eed0,-1
784e38a226,0
f1dfa8c291,1
61fed6b5e6,-1
ad5c415ebe,0
c7265899d4,0
44be6be659,1
17937ee5a2,1
2c6c810c8f,-1
bcb28eb780,1
7fda4a82de,1
d429a12c9a,-1
5f52d8a404,0
a7c53e5ad1,0
192886d68a,0
953a4256ca,1
e8a29e6fc2,1
840b295204,1
f596468fa2,-1
c802e484ca,0
ffde7f3523,-1
77c2830964,-1
2691c4788f,1
f7797f690e,-1
14adcc6638,0
7075712d75,1
290b3239cb,0
ef4135d3b2,0
738907f5cf,1
0efeea7712,0
e372f65126,-1
a006ba3a9e,0
68291c52bd,1
9e1358c201,-1
d35979e534,-1
a69b93abf7,1
abf2bca2cf,0
68d668ba5c,0
a70b42ea70,0
258161cfed,-1
0c749a789b,0
0a82cc1b04,-1
5ed82bcd28,0
0510b41b20,-1
bfaa00b2d5,0
02e31df8bc,0
82f2011b1f,-1
54e151f770,0
f2f27ff751,1
71a1ab4e75,0
045156d359,-1
12c66e5bd6,1
c55c6e4ca2,0
af547b4fe2,-1
3ee7ec9284,0
6eba89f00f,0
09045af38f,1
7d5d3fba8f,0
d59ad66afd,0
bc91a8792a,-1
515339c60c,-1
53b14581b6,0
7334eae191,0
ebe2c51f25,-1
afa1d71993,0
f1b28a8ff4,0
21d8de348a,-1
ccc9e839ff,1
fc3ba4e2f4,1
437b6a1dad,0
b968134f64,0
63b8e0b10d,0
c927ef5688,0
67c7ea60e7,1
b295681428,0
41f8d8526a,1
83b3194944,0
b6b4a2dc0b,-1
e0a040e869,0
54cc413898,0
51d330efa0,0
ea0c7eba01,-1
c2f87244a7,0
f7d1a18940,0
d5d6f9f333,0
4864b4140b,1
101dfe50be,-1
a2df0356b5,0
cbd4e17817,0
293144381a,-1
ef44d98255,0
a2cae23c14,1
74fac6a000,0
8406eff797,1
51ea9cf555,1
c2e9fb87d1,1
dd7d2aeb08,0
32bb4372f3,0
a091c70518,1
f8feed112e,1
8f042c6680,-1
1fe88356c8,-1
d3547739ab,-1
fd4974c9d9,0
f681673994,0
50663bddce,0
7e3ff5d751,0
e8c188f209,1
6b79fe4cf1,0
9eec86e5e4,1
ecc8f06172,1
14a108741c,1
fcaa26659d,1
01b2df5d26,0
9dcbe49b8c,0
090ce33e5a,1
f1cfd24532,1
6cee1fabb2,-1
4f55b4f1e8,-1
341f7e4679,0
67de9faf36,0
dc366bbca5,1
b4c87c4270,0
129bec0a6c,0
b977536dfe,0
c24a303df8,0
987792cb26,0
06375b4519,1
16c294eb62,0
56a33d7f14,0
dfe3d6843a,1
cbcaedb94a,0
1b12bbd2f4,-1
fffdc4901b,-1
69a7d459aa,0
79e399ecd5,0
8eeb4568dc,1
5f8b0ff766,0
cd3f24ef0d,-1
fb0a0d83f8,-1
a6e4140bf8,1
9a7a0d0a96,1
b8c50468be,-1
85ad8e90ff,0
e89447b599,1
28b16f6645,0
78a56da509,0
60e4b897b2,0
9960e17906,1
d36ddc0e2c,0
94e82576b0,1
147095827b,0
2fa2ad81ea,-1
32a2a230e8,0
7da7e0151a,-1
1f09ff202f,-1
cc537a6861,-1
1e1a812740,-1
5a853f91d9,-1
13acc5bd3e,-1
6224215e76,1
6807f665c1,1
11aa37b79a,1
1c08d7fa2a,0
d2e0aac594,1
d50cc34485,0
b0e8c8fe29,-1
198f640361,0
47dda1598f,0
2b5dfb77cc,1
10b4d6afa7,1
97453e7942,0
f6ca01f51e,1
d97cf56929,0
94b52e1353,0
43148dc106,0
a251e915cd,0
563b51f74f,0
49bbcd6f70,1
18058a3905,0
6b7bef8170,1
6a009fcfb5,0
1a427d2519,0
aa5570bc13,1
d1d39ce1b0,0
42f27b3533,0
45fcd2f49c,0
f76c11b871,1
a8e7d5534e,1
9485b7254a,0
827aab77f0,1
a8e429af0b,0
b81581a2b8,0
a25dafc526,1
ffc22c9e6a,1
b885f6f130,0
90301a215a,1
2e82f744b5,1
b9432a8b57,0
0f884cde06,0
c86a33c572,0
eee228938f,0
8779389714,-1
7cd9265bcb,1
f2a8855666,0
a8f8f99014,0
82c7cbc625,-1
efd78b92bc,1
0439ac45ae,0
ec77489ec0,0
aae7e9f28c,1
57617c4635,1
c5fc8c2144,0
e2d180caee,0
3bfc081945,0
d8a37a6581,-1
7845e97050,1
2cfb8a9949,-1
cf69c89694,1
006e547145,0
333faacb0a,1
503f922c94,0
2fb0cbb901,1
d1f48ee9a7,0
473c0c0597,0
79ca8cda65,0
f755a1a417,-1
f4d598708e,0
ba3faa628a,0
1c9038743d,-1
6ae1037d55,0
e01143024f,0
63f9663b40,-1
7fe0f30dad,0
21ec31b1c8,1
604d00a149,0
233dc2744d,1
8bb5b9362f,-1
caf0f8cbb9,0
b7bd03dcfc,0
debd857cf2,0
fd373ddf1f,0
7dccefa942,0
6a9b1ac9a7,0
910353af86,0
5792e6b024,-1
9b0ab2490d,1
824aef5133,0
f54fe69db7,1
b3ad971990,1
7864970844,-1
93d699ffbf,-1
5d79976753,-1
4cf8c411ce,-1
cca6786fcd,-1
db32946e8c,0
18bfd1601a,1
6cd72017fd,-1
1e7b2a9b0b,0
ea31539c79,1
70dd75b35b,0
44403986e9,0
c53264349a,0
55ef53ac78,0
d32ebb2238,1
2df6b250ac,0
e9beaa94eb,-1
84f92c09db,-1
9570d18799,1
acd998514b,0
952c19c42e,0
e18d5ead82,1
2bfad619a4,0
268bce9ead,0
094c2ab4de,1
26c936a0e6,1
09446fd660,1
cfd5aef697,1
b38e24df20,0
01b736454f,-1
55b294260b,1
4c5f282768,1
309d3fc2ea,0
e8e664fb5d,1
585048b261,0
d393c28870,-1
6143ecbaee,1
0dae6c384e,0
717382f2b1,1
2ab149b34a,0
d73e4bd180,0
51c677eb5f,-1
0a1211599b,-1
c8e59f1f62,1
a3eef7f08f,1
13a54169c6,-1
8693e96730,0
44b83d0a59,0
6c32320670,-1
9847100a2a,-1
7270ac4894,0
a2289a968a,1
315e063fe7,0
e1145bc3fe,1
88246c5656,-1
76177e672b,-1
c79f468d00,1
efa80dd66e,-1
e4fb384145,0
819a8f8199,1
11d6845e0c,0
1788cc1b29,0
5dad65c8da,0
27a527fd27,-1
d0064a1476,-1
54fb8f2924,-1
3edbea0775,1
ee1277bdde,0
e885e2f918,0
bac0a1d4c1,0
c7917d4cce,-1
a514f02889,1
b9a3d21e9f,1
cfc84edb1d,-1
c0fa87c000,0
8d9d48a4e6,0
f9ab4d4c20,0
aa5655e0c7,1
eeba3dd305,1
ed7a7cd39d,-1
c280733d94,-1
5b13358f27,1
d78b36e5da,1
d0ca9c9b8a,-1
2da04ea575,0
6f60791879,0
b30e32f29b,0
40a4ca8f12,0
2eb221681f,0
266100bcfc,0
4dd8838b54,0
467578f678,1
6d7f5f16bb,0
df0d0efe60,-1
c6d8f5fcf1,-1
e1e72b2154,0
748cbce79c,1
b8f79076ca,0
9b7424e8a0,1
a29a4786d4,0
27fd079cf7,0
9480ff0729,1
17314276cd,0
fb9d2e8b69,0
b00cac3f29,0
b19c6e41de,0
f2ca6119c6,-1
295a89aadf,-1
1f70a78245,0
11973bbe6a,-1
04063db918,-1
31b6b2f076,1
83dafb68d0,-1
e792a1609b,0
f9f4083285,0
6b7484677b,-1
8feba625eb,1
15fa89078b,1
f852e5049f,0
e0af2b128e,0
0c80df73f6,1
917eeb334d,-1
63240da419,0
51d62cf5a3,1
ba7dabe252,1
ca003caf89,-1
8a67bb546f,-1
ba2a2c2475,-1
a1c16771ae,0
b64e2d76b7,0
dfcb3bd6f2,0
79af0c837d,0
11c1305222,1
273814b10d,0
22d9d86f36,0
4040857d37,0
42c3d722b4,-1
df49358e37,1
de41d4ee73,-1
7de4048034,0
319259a570,1
ab4c709297,-1
b2eec5deb2,1
51ceb275d6,-1
06b068e83e,1
30f1bc96b0,0
88e1fe3891,1
e404cf6638,-1
2061674757,1
7c14e0baf1,0
2e10ee171c,1
1b5c3e508d,-1
f6b4cd772f,1
d81e6f7d4e,1
224475e2c9,1
5005a101ef,0
e1d7bc65a8,-1
17c0ab25d1,0
ca54b41291,1
08653a0507,-1
e90aa9f814,0
49bd224560,1
b0039aa0bd,1
7676e25546,0
2d851a17e4,0
905f559d60,0
35dc80fbaa,0
be710516b2,1
61589484cb,0
f81aaedae8,0
762734da36,-1
e2d36682b7,0
f0a0727469,-1
391d766029,0
c404ba5019,0
9c85154e1d,0
b8eaadc187,1
66d8bc8c7b,1
5365e33635,1
9844e92669,0
c2c7767d59,0
a0f67e965a,-1
c3fbe70399,0
027182031b,-1
44645f00ae,1
944fe79c6c,0
0498d6a462,0
b012934cb9,-1
d6c8d4820b,1
b750a544a5,0
4454574aaf,0
2eaf50fb0e,0
96e4560082,0
2213d57827,1
dcc93b2032,-1
5508b6f75c,1
bb0cf5d9b1,-1
c708cad4b9,1
e5a5450f48,0
3feae8df02,0
f1d35b5948,-1
116e339fd9,1
883d5e866a,1
f385f33d73,1
8cf9e2fa6a,0
c745a6e74f,0
384ef94e8b,-1
64e53874a4,1
cd314ffb5e,1
2fd6fe1fc7,1
6f5b738f2a,0
36c7298e69,0
c92685f492,1
13fd73b069,1
434607e03c,1
a927229ef0,0
9f50aaa3c2,0
88fb616cba,-1
ea9dee9231,0
36b8cfcb63,-1
4cafbd1ee8,0
cb9a21323e,0
03bac3d9b0,0
956fb82ec0,-1
6372265049,1
7e5d1bd197,1
bf01459571,-1
aaa356d10e,0
a9d3a8903d,-1
bfe1d017a8,0
0329db3294,-1
3c37e7433c,-1
d278038f46,1
defcc53355,0
26057ee9d0,1
4a6a6ae3dd,0
b91e19c798,0
8d09d4653b,0
8962b3d125,1
06831f6e85,0
04640d2709,0
fb4ed911cf,0
4768449d8e,1
2230078af2,-1
4d085d24b3,0
d8e4992bea,0
721515ddbe,0
6c45ca5d7c,1
9caf5fdd88,0
13e588b5f1,-1
e174ebf554,1
9ec3da3cb3,0
a61a388d34,-1
54f2a07fa2,0
ab8a95e33d,0
b2a39d5fb0,-1
502e16fac0,1
e8ddda0099,0
fe34f3d89a,0
0883e18c6e,0
98f95630d8,0
6f766e026c,1
e65d15bcb6,1
ebf251afad,0
2595955dd0,-1
eed879b38b,1
ccf40f9cce,1
326c91c55c,0
b36e7208b4,0
b840aabaa3,1
60ce97c7ff,1
e68bcba02d,-1
fa255f9fdf,1
17836d1953,-1
bb707ef3f1,1
ffa67e0707,0
459fda806c,-1
25d26f6cbc,-1
50b7975adc,-1
ceb6e34297,0
04d29901e8,0
5e1c725d05,0
0042884480,0
29f6bc7512,0
d17b2d20d0,0
dc9c628ffc,1
d65d2b6bd4,0
e71c800049,0
fdad1ec7b7,-1
f08c1507fb,0
701ac00d74,1
fcd8a04769,1
680f4f055a,0
bc8bd31d87,0
d8e53ab0c0,-1
3492384fdc,0
d804265651,-1
faea9df1a0,0
96fe9b5d1a,0
e2ca8084b8,0
86b9b7ee24,1
fdcd6b20df,0
a74bd3caef,0
f3e43f9734,-1
47df96eaa7,0
bbe1c5d502,-1
5865a1c53a,0
cdde996dfa,0
a6463beec4,0
f038eb981e,1
dccdc3e1b5,1
41c8fc436b,0
52fb5986dd,-1
eefff48c29,-1
145f2dea22,0
e1524b460b,0
b90eadb579,0
82f56bf7fa,0
c045f25005,1
856fc1f612,-1
d67b908a5d,-1
9d86765b05,-1
53df7ac264,0
927704f47f,1
5569836ea9,0
3e1bcf49ef,-1
e4875f3759,-1
230094bcc2,1
f4b1ca2dca,-1
4bc93e462b,0
892e5e1b41,0
f96ab760ce,-1
889b9a7263,0
7b68a14a32,0
80b70b4a04,0
960693266a,1
bf8d0a3c72,0
0cb8ea4f74,0
265b7eb003,0
77192978a7,0
13d7f8ae66,1
2bce534647,1
2efd38358c,-1
1e39cae7cc,0
c3d507e72b,0
bd299195dd,0
a456ec5e3a,0
a10d361a09,1
4dcf9ffee9,0
cdd73da3d1,0
2f65b90343,-1
c75078892d,-1
7248338b6b,0
5688c6b83c,0
df6abe0a73,1
45a3a3d920,0
c0a68eb4ca,-1
15d18aba4c,-1
72e84baabe,-1
909deca606,-1
31308a004e,1
63cc668d47,0
fad8265def,1
a4898d0c65,1
502238c7fa,-1
284f5c062f,0
7368483e93,0
468a7c0e56,-1
ca3d7bddef,0
2972fe8574,1
88851aa993,0
c214d53fe1,0
2609109a7e,0
0567f89a13,0
5bcfbf035e,-1
c89a74a123,-1
29a32880c2,0
cd87fbf111,1
6bd7460b40,0
32b22d44c5,1
892901f40f,0
cca9b39787,0
57a54d5f58,-1
1f01e8a5a6,-1
93ed8e0d7b,1
81eaf63419,1
2973f4d567,1
6c4e4017ce,1
e44e9bf197,1
1212472b6e,0
eaffa17f38,0
73f99ecb9c,-1
b7b495354f,0
955ff7a2c1,0
e7442777f1,-1
71025ae7f2,1
bd2ba55f78,-1
bd0127986b,0
7cf3c8b793,0
dc2fdc5a8b,1
62270e2b17,-1
caafff3a2d,-1
249f1b21fd,0
1a537ebeff,-1
c4ce269540,0
016ac6e1f4,0
b9913afcb5,1
91225b3b9a,0
a3a82b51ec,0
9080385d02,0
3c3540c9e6,-1
b9eeb656eb,1
9968151c1e,1
60bb1e5948,1
4b3fabcfa2,-1
ae1423b300,0
7cb380b784,0
4c0749b972,1
1575a4f92a,0
79a28afb11,0
3364f6efbd,0
6525f3a1ff,0
3a08c0ec11,-1
da66044a61,0
086941c593,-1
a0aa2641f5,-1
c7ce9a6b5c,0
54b96dc6d5,-1
cba1725b12,1
9435b34672,1
d5da623d50,0
7e6e1ef44d,0
fd711a07a4,0
bfda237f02,0
a83dd9c585,0
bdc7bc94bf,0
e60f3af8a9,1
817e6c9f9e,-1
2127a4541e,-1
49f7afd1a1,1
578cc3bc62,0
6dbdc36ff7,1
19ba033b51,1
9db5418b01,0
eca890080c,1
954291c48f,0
e0a3ab8cfc,0
35934b0673,1
66d19254c9,0
ded15a2409,0
a56ffbedd6,0
a93270225e,-1
1f53fca51b,-1
caf7b2592a,0
6a32389e3f,0
5566804c12,-1
ec998b9a87,-1
a720b0c399,0
4c06043fc4,0
226cf95349,0
0230774416,0
d78b524b55,0
93593d8b4c,-1
0be4a1acce,0
32ac5170a5,-1
13d5d33fa4,1
79bf773921,0
a284144025,1
c8ccbedf0c,-1
f58a9d6805,1
66e7863675,0
7877bdfb45,1
da294f793e,0
7864e5056c,0
ce05bf5dd0,1
84d5aa3fae,0
3ff2ca7a77,-1
171dc8fd01,0
7ceb31a28b,1
bcd1893b9f,0
20dfb7b667,-1
f15b945c49,0
40f4998f50,-1
1e3561f47e,0
79a01cfef0,1
e11049d2a5,0
ac1653ba6d,-1
4a62092fa4,0
f2a7fe8f5d,1
f064b6d8d2,1
cca7c2d75d,-1
85f2b5a1be,0
f862b97634,-1
acdb70ba14,0
2cf05dbae2,-1
d05df02b7b,0
140f375051,0
17a0e4995c,1
ff28196b92,0
8d6842b0a5,0
ee7883a399,0
0308ce0d82,-1
0c3dbd692f,0
e57b6a932e,0
cf863cd4c0,0
bb220c609a,1
fa6f60de23,0
8004a55866,-1
f163068ec5,-1
de075d0af4,0
bc10ab23ee,0
75ade18f38,0
fab8688cc4,1
5491a269d1,0
a2f75bf512,1
40572abcd1,0
bfac5f3dd3,-1
ef46bfb728,0
7cbf1844c9,1
d2aaa532c6,0
2a2fcca755,1
107209c985,0
3522dc6333,0
6e689049e0,0
0124694ddc,1
92ac1323a6,0
e9fc65fc58,-1
10ae68e638,-1
1fac790a50,0
f426eb58bc,-1
d5a70a1b50,1
746c60fe38,0
9d5249399d,0
0daabb03c0,0
f5c14f2efa,0
cfbb81ff26,0
0be40216ab,-1
636ea070e9,1
8070ffcc91,-1
4111c6407f,0
3638b6410f,0
9e6ce70934,0
7e5f7f81d3,0
02a4a81c4a,1
503cc55757,1
9b729793c8,0
6cd0f31027,-1
e670c015c4,0
bfa3b20089,0
f3c78039e6,-1
c2e5f6d78a,0
0c068ba050,0
7444f5ab07,0
374a21b209,0
09a1495ffd,1
79ecd37e80,0
c81c60e7fd,0
42c07b3c3f,1
3515730987,0
e0bbc101ca,1
c6888c95b6,1
9340411a36,-1
6f96ae7f3e,0
2730b04f38,1
688fdc81ce,0
df5fbae62e,1
82765c8bb2,0
19a5775105,0
1e0fddab4b,-1
5d5d2e1217,0
35c69785d1,0
2332225c0e,0
43d5fb90ea,1
2a2b1ea03f,0
139f10b7c9,-1
3559601be1,1
7ff83f5ad5,0
f005ca5a71,0
546d022d08,0
a69db5f84c,0
fa6219da7f,0
28218b9834,-1
e8d751704e,1
648bd1bcf5,-1
52a76536b1,0
1ea41175f3,0
9a941a052e,-1
e5bcb0768f,0
9c37dea400,0
73e4d7d135,1
214f81d733,0
c0e5054334,-1
24db8e9c5a,0
66740802e8,0
68c52d3a5b,-1
9fbf5d8078,0
cb97f1f165,-1
1fa3c23241,-1
8f11a1edf2,-1
7c483ba8ee,1
c91cb748f8,1
94e54846b4,0
5407d72b5c,-1
bd9ba894b4,1
29f27fcb45,-1
5cc7ff0098,1
488a3a08e1,-1
5ff7941ec0,-1
e7e79d806e,0
6a4ed92fe7,-1
b49ea7d1c2,0
63c1312ac7,-1
c3a4f6593e,1
638522b1b4,0
e343e4554c,1
af914fd221,0
17e6103729,0
daf8450be4,0
d591c59fae,0
c09234e27f,0
9d9a47795c,1
e625987062,0
1b7bde5a7c,1
4c79fd12f9,0
94065137e9,0
b5f20130d0,0
778e4fc544,1
3f35287515,0
ee31015dc7,1
9822de911e,-1
7b0d929f7c,0
37eb874297,-1
715d33d253,0
463d08c2b6,0
bd703999ad,0
728c35eb9d,-1
80eec92c44,0
354da96cb1,0
8b4327df2f,-1
c0bb299cf7,-1
1ccd260788,0
399fd22bea,1
18374964e8,0
006138377d,0
a846abcef7,-1
32acdbaa2d,1
4ebb564e8e,-1
252834a167,-1
3be19aa6bd,0
7a2190c6de,-1
dba567102d,0
ee9a34633e,0
e2229a4d7c,1
dbd219cbf7,1
e579f4f66b,0
49f2ac4738,1
f39e3ea68d,0
398bad8e1a,-1
414d90488c,1
cac1a8c2fe,1
beb2af0d47,-1
abd992a3b3,0
d3803a4068,1
1f0870b137,0
4294213015,0
ece674befc,-1
5317a3580a,-1
5dd8d3c08c,1
07cc8e5f3f,1
f154245168,0
31139c5f14,-1
b9bd90c196,0
7195fff9c7,0
35547f74ae,-1
72231b228b,1
0be6ff2519,-1
3d89c2dc35,-1
714daf92d0,-1
ba89a92276,1
91fadc0874,-1
f6cdfd5839,-1
087f02e9e5,0
f67eced7f7,0
85eedf7552,1
d338276bcb,0
4d067880fc,0
048afa7311,0
ee143fb8ea,1
ae9f387efc,0
9f105efdf6,1
e0f9785d8c,1
d0a31df531,1
d001da55ba,0
41f67a6073,-1
4442314e2f,0
6d0614aa46,-1
a3d5746493,0
1832d2d142,0
89ed43d3c5,-1
ebdf5434e9,-1
13c6d43307,0
9e5a02b7ec,-1
3047b3a852,1
eafcdbd4b6,-1
1037a5c010,1
08b9bd30a3,0
024d06afe5,0
994e70b5cf,-1
dd657b7d5b,0
d9fbfafe46,1
4fb25c5aa6,0
9d5ca07425,0
8dae0c6c8b,1
ebe7dbb709,1
1099633919,1
ef00e560b0,-1
c35dd917eb,1
7c29f8f1df,0
5ddda8b866,0
100dfa1c6c,0
9b57fa7fae,1
dfa6598452,0
ba5d582aaa,1
0f7d971d93,1
5bb84e6c69,1
4d3ccbe52f,1
6bbb65a341,0
9356ba6a0e,0
e0102d2a90,-1
58f82fa6b7,0
6adeb8b9c6,1
bca1eee90e,0
612a72340c,0
358fe1c33b,-1
abaa10bfc5,-1
162f8609ed,-1
e1b7e1a913,0
5136848d5f,0
e96d8ec69b,1
2fec753891,1
68d3ea9947,1
540c34b1e1,1
d464552b68,1
44aea92916,-1
ef18d5c574,1
635052f8b8,0
5468ad9604,0
cff20b9529,-1
1004435044,1
9c8845f9f7,0
fd81e4afaa,0
780e7e15cb,0
8d1b62dbbf,-1
0096346b61,-1
f21b92d13c,0
0b882c5b79,1
60c34cb9d8,1
0c1986facc,-1
ecf2eae799,0
1f1b0c0d6f,1
08147efbe3,0
21bf0abafd,0
71d48361a6,0
d51e6d306d,-1
e4ac197713,1
e13ebcb0a2,0
c79e989647,0
c6d01166ec,0
efb00281a2,1
ff89736e2b,1
c1587fdca9,1
221e62344f,1
9155e53ffa,0
656ae815d0,0
3b704ff59d,-1
4ba3fe0013,1
130559690b,1
cf09b18b7d,0
11ec555c5d,-1
af14fdc087,1
dd6164da82,-1
f870e795a7,0
f7b35fc5dc,-1
0d448fbaa0,1
d47fd57346,0
c83c43f478,1
bc0a691733,0
4664865df9,0
3769ac606e,0
36db1f8ad8,-1
3b191dd747,-1
43e303fd9f,0
b3b5d196ae,1
67d0e429e4,0
a081cba1df,0
906f21407c,0
ea66ecbe33,0
97b13a13e4,0
c108704bba,1
e6b2c90647,0
8c6efb4ea4,1
4cf5cde005,1
ce60c0a054,1
fb30c25788,0
5ed544fbcb,-1
5f55610078,-1
4d1ac28400,0
65b947ea2a,-1
9afc35d1c0,0
73ee80aa8f,-1
e604259c01,0
9c41584560,0
1beebdfd05,0
737ed8a155,0
06b53522af,0
e64ad4e0a3,1
e439440888,1
bc99427696,0
e980c9189e,1
1dca967243,-1
a5cbdf5a38,0
208a5a9286,-1
ea8c1a61aa,-1
cacf4c62d8,0
f92c3815ee,1
5c086e49b1,0
254d3dd5f2,-1
efbca5f3e3,1
1f560161e2,0
55be4400ff,1
2eaa4e968f,-1
165d90b680,0
15912eafb8,-1
7a5693514e,0
64bd191dff,1
303f65d5bc,0
3ac60d5530,1
dd44ae05ce,0
53caecee4e,1
cdc487d933,0
64d2bcfe78,0
d4b8c03499,0
9cce4d3360,1
b776f71702,1
373175cbb8,1
20f3bcc99c,0
ddbbc02e1b,-1
b68d71e549,1
770d53e297,-1
4087622ec3,0
77efd1caba,1
1af9e0ef6b,-1
58eeb094ee,1
6d7f97b8bb,0
7ced8e7ade,0
e9657b27fb,1
089b3e2c45,1
cdbc2feb5a,0
5149403b55,0
0e89c8998f,-1
2ff668443e,1
eb71a5c1c4,0
eef22cb715,0
7918e4c7f4,0
91ca3aedcc,-1
b0a3a50e36,0
b4932a7d80,0
53d3b87274,1
c439e99493,0
0ff2ada8ef,1
cf53a4c755,0
a1d8014e7a,0
48558a6d4e,0
7480e1b421,1
d8c00c2c40,0
aabf552f2b,1
4d63d1fb98,-1
4a90e16b2e,1
d4965c1cad,1
f2ceb35f03,1
f3627fb713,1
aa7740eecc,1
b28d4de471,1
50770bf7c5,1
95de3e6e32,0
5d4f585784,0
c567acdd54,0
13ed228a0c,0
78a513eb0f,1
e2233c80ac,0
a2b5079e8f,0
09c55436d0,1
d2c8c8d85a,0
3155f8a315,1
c250eeadf8,1
a46f8a3dd8,-1
c16cf088fd,1
8cd0846e21,1
9ef748690c,0
b9a4d641fb,0
aeda14f0a4,0
d591ab9019,-1
5fd24eeb83,0
94eb63199a,0
da81844067,1
302fb29b4a,0
e93a4aee65,0
2779cba84b,1
ac24bb9054,1
31d9095027,0
655538fef1,-1
473e709af2,-1
675917cc06,-1
efc409d60b,-1
85bc3d62d0,0
f05f7603ec,1
f566619a04,-1
58f3de73ee,1
b26ba00952,0
347644a6e2,1
3fd06da4f6,0
26114a3164,-1
0fb1702f54,1
ccd14c9062,0
e1a1b837ae,-1
062c1c2b77,-1
e499bade9a,0
64b0f463d4,0
a7e940c045,1
3a1c85f36f,0
b699702f53,-1
a8ba66c787,1
d3414ba030,0
11e6cc2a94,0
3f4fa50ffe,0
8bdcc2bc7c,0
e0e7272b80,1
c75a7d66f3,1
7cef0e16d6,0
d0c9217a11,-1
a61004961b,-1
a564b5de4f,0
4647a571c3,0
297dc382b0,0
f572bd1cd4,0
40450f319e,0
9da7d61bc3,0
c021593cf3,-1
df0f51d307,0
90b40296c9,0
63ad794937,1
fecb93e6a4,0
b90813b706,0
d99223016e,0
42864be9b3,1
5fa1b58e56,1
9e5e018a44,0
eb86cc3c86,0
d2b5967a3b,0
277a98d8fd,0
dcf3ad3eb2,1
a5d531f4c5,1
597e726b3a,0
e630dac402,1
b9fe054390,0
16f6fb96bc,1
f3311bf5be,0
c07a011b65,0
e95df15377,1
a7f4558965,1
be52a2b20c,0
351f5199ea,0
a59f020676,0
5a9cc266f5,1
2fc0bc611b,0
0cfc4e983b,0
8bde9c5144,0
d4970d9ea0,0
8863c4dac7,-1
5b96e15588,0
29d536c2c7,0
8b6411d030,-1
5d563ea9be,1
2499d7f119,0
c0ccedfe65,-1
cd89dbeb24,1
f9754cdccc,0
9d94383738,0
bb5279b5b1,1
6005d45e7d,0
b74edb4841,-1
fc48874c31,0
36915bade3,0
7cb41b61f1,1
d7ddf505e0,0
48c33f7ac1,1
0e1d9ca5a3,-1
c8db46d06c,-1
606b4addd7,-1
3252b29862,1
bd9ece870b,-1
6a886821ed,1
5e6024ab45,1
735b31a2e0,1
0b6abe78f6,-1
393a92e358,1
3a4ee35951,0
b45c45f3d4,-1
62ae002955,0
b67409527a,0
c14fae5f35,1
8b0346c790,1
9f7cf7a3e1,1
20fe1a92a4,-1
15496f3815,-1
a4cd016fe1,0
e280624bb4,1
83c5057a68,0
31eb6d90aa,0
158f03eb00,0
dc63a5a32b,1
b474634e03,-1
6cd54b6251,1
cc43006922,0
615895d324,-1
24013502d7,0
5d979e7950,-1
9ac2930f3e,0
8c5623df48,0
5a622247db,0
38e4bf23ba,1
c070fafb62,1
0d9000c4ea,1
99a026c88c,0
4dda3534b6,0
16abd22134,0
c81b86f95d,0
cad5f0a3d6,0
e56c6c9b5c,0
b76c5f4ed3,0
229635f556,0
74a99687a6,0
0842d783b1,0
3b9775da31,1
47837efcbc,0
e80f59e228,1
99595ebfea,1
3b4db77aab,1
dd57c11d54,0
518f900211,1
f475ebfa3d,0
ed54b58811,-1
bb5a1bc0c0,0
91de35d130,-1
e828605ae6,-1
c574bb2d1c,0
dec99d3231,-1
93c0d2e37e,0
15ed2f7353,0
15a8ef10bd,1
80aaf84e8a,0
13deeab357,1
920e82d830,-1
933f37b4c3,1
444314a2f9,-1
6363fc564e,1
4146b28723,1
995d42f060,1
9eab067711,-1
74cc842262,-1
f65709c614,0
98e9110ad9,-1
240d2c4069,1
9070eaed9b,0
176112996c,1
3d765d73fb,1
f6b057aa01,0
f250ff73c2,0
d9389e11e7,1
bddba468c0,0
c615aa6d67,0
c215a65192,0
c56e52124b,1
3747ce1ef8,-1
2fa5aee2a0,0
0ec6b76692,0
c0bb77174c,0
08bf569380,-1
398a4c202c,1
4d73740152,0
e916d8e278,-1
cf1481d285,-1
bfed2309f3,0
29e84a85e3,0
a34a9fdf86,0
e9d05e1ea5,0
8d7897a009,0
2c3ee1a98a,1
bbbca31b6d,-1
4c3c4ac3b6,-1
6729293c36,0
c45b019463,1
c717411c9b,-1
de95029f8e,0
59ad7f6ebe,-1
a41de4cf50,1
6c7a4e0f9e,1
e1221b2c32,-1
a773a3f5db,0
b082de9c82,0
05b0c79f2c,1
8ef8dcb526,0
24e261658c,0
78517b7bb0,-1
dfaf70fa4b,0
1c25ffb615,-1
cb9a6051ca,1
4690501112,1
ed10839baa,0
66574582f2,1
25d467c2d2,0
875273ed08,-1
fb52ea9ce8,-1
eb79500580,-1
9547209186,0
c94ddb4f4e,-1
b67b28e014,-1
38b41d4e07,1
dcdff52606,1
0ce8b69cd2,1
57496a35b6,0
9822851a33,1
993f2de0fd,0
5ba808899f,0
a243271017,0
b747367643,1
7ac91624d0,0
8dd199398a,0
a035f83431,-1
d0c228686c,1
6b42ff8695,0
5fb37979f9,0
70a17c56d9,0
f30db6f4e1,1
592624ec11,0
559a8621f5,0
0d9acd2c9f,0
3496ff27de,1
0b9abcd364,-1
193c6d6b6b,1
43fb28bf26,0
287fb59dc1,-1
c06fccea70,0
ba378cdcbd,0
ce7c25aed9,0
1ae992dc22,0
a75ab33851,1
3e6a2cb9d2,0
6e0a0d479f,-1
1c980b792a,1
146368e7e7,0
f5b46d6a71,0
04ace3d1fd,0
24940573b8,0
9c407577b9,1
372e5d04b6,1
b03528a4b9,1
db6134f0e2,-1
998afb10e0,0
3e018e35d8,-1
752c2f106b,-1
6e68eec178,1
a833bf721e,1
3dd3b7013e,-1
57a2e7b3cc,0
1b9f9a7cf3,0
a5cafcfe4e,1
4b4ef214d5,-1
16b47869dc,0
8943ed3be4,-1
96efa17347,0
0bc8a4fdac,1
869dc0dc07,1
05cbe270da,1
419abb50c1,0
9cdf1c305e,0
93a1028deb,0
8913b6e320,1
86fdb8323f,0
c70d7bd57e,-1
1aa659c47b,0
7fdcc3caa2,0
a4fc4942bc,-1
efa869b8ae,-1
f32df34cd3,-1
62925b89e7,0
0fb1dc731e,-1
52938f9d2f,0
c6cff98926,1
f4e7592738,0
6b85c6a58f,1
25b5e7907f,0
2b1211861b,-1
2b56dc78f2,-1
afe3f60dfa,1
b044fbb9f5,-1
f01b66633f,0
acf1a42b29,-1
c686e96ada,-1
386cd1881d,-1
aeeaedfd33,-1
34c32f4e8d,1
5b609832a2,0
aece97611c,1
d40ddf6ddf,0
71e8394080,1
c8b975b89b,0
38942ac659,1
aa6be5b64e,0
9bd52af648,0
b9881a1ada,0
56c048daea,1
53605724d5,-1
730318d973,0
a87da8b289,0
769bcc16f6,1
2583ade3f5,1
e532f3e722,0
ed36c466a8,0
28da7b59a1,0
80cb661ac2,0
5ca4ddc5d3,0
7c72989807,1
4c87d09b9c,1
8c3e54fe7d,1
d8f008467c,-1
50b0f0a777,1
5bd8794254,0
7ec5bbccae,0
8ebca1b4c5,0
314dc79842,1
53650ed2b5,1
f212404f93,0
427d6deb9e,0
71d2bc59ba,-1
8f41a47889,0
cc3cc29793,0
bd72c9fe34,-1
0d4c02d9cf,-1
67d70525c4,0
2bf4bfc2ac,0
9344b3c3e2,0
2d356a24bf,0
1cfbef5a0e,0
396828feb6,1
3cfe256f36,0
ba9c17321d,0
04380f7309,0
a0f6c54c3b,0
2217c56cce,1
4cd971154f,0
9bfb99d961,0
31d8db6835,0
dec3e16840,-1
1fce2f478a,1
5d9633f909,1
2e751f5745,1
29899e8217,-1
6f094f5ffd,0
b6e95319dd,1
a49dc7773f,0
4ab93b44de,0
4027afc998,1
6e86b70261,0
027e8d90a7,0
d5dd07362a,-1
ab8f05289f,1
8b221af06e,0
49c0c4959f,0
d10703cbed,-1
825fb3238f,-1
233834ed64,0
d888210a48,-1
9f635036f3,1
af4b59be21,0
020c7ad0f3,0
f2e6d68ec6,0
aa4b6e6801,0
f1e57a3728,0
b985885d07,1
8fdbfcc148,-1
5bbe72aee2,0
0b14d240f0,-1
eccb68a4e6,-1
531f62c5cc,0
758ce85330,-1
468781ad08,1
40fe57fc07,0
8de7b97c5a,0
d5cec7c690,0
68207d8702,1
abc53ae0f1,1
73532156f5,1
513330a727,1
68de8a14bc,-1
1ebe5ac029,-1
98b9d7bb5c,0
877eb04b14,0
3fe24418ab,1
ae0c5f9b71,0
72b74f9bd8,-1
a8d763e6d1,0
61e98f21ff,0
6416743eb6,0
22c1be7fe6,-1
71dd325bee,-1
622ba632cd,1
65a42078e2,1
a44fe2cd6f,0
5c78009178,0
31f66a22b7,0
e1bd0f95d0,0
37bbadf724,-1
aa6047cebb,0
e5ca1113a0,1
6b0ee6d51d,1
e31fe1717d,-1
94d795ac62,-1
a7f1cfa0b0,1
04fdc65a7c,-1
1d80f30e55,1
e6c34bd10a,-1
a13dddbfb4,0
fd286d3eab,0
39d09552e0,0
0da50859fd,1
e7f0a41a04,0
b041c3a36a,0
63f12f6e87,0
6adb3d259f,0
16dad727e7,0
03206df294,0
65d6c98b9d,0
24d72c4ec9,1
c765938aa6,-1
7fbcea827a,0
f1980df482,-1
36fb2f1f2f,1
156dd5d499,1
999e68f7a5,0
742ff66bbf,-1
b36460f5ea,-1
24769cb953,0
aedd5d60f9,-1
a897606491,-1
194efe6264,1
d026136683,-1
f3e4ad7b0d,-1
94786e2bee,0
bfca7942c7,-1
da53e99942,0
c6b9682fb8,0
81ef7cdadc,-1
3e1c4fa0cc,-1
67b9f9b58d,1
08e9f3f508,1
c634a8c45e,1
5b737f1cd9,0
4014cd6f32,0
90d3135cf0,0
ef49d4d531,1
93edeab485,0
0cfda45c7e,0
ca42fe3aa0,-1
0624e20e0b,0
5883ec2713,0
f3a29d9676,-1
e64488cb2a,0
f9a4b55d96,-1
b4ccb6a942,-1
3199120cb0,0
516d0e0682,-1
666c23385a,0
43325be146,-1
a28c50bc38,0
7d7fd3930f,-1
6c58fe6e59,0
560a11855f,-1
4df3c4a92f,0
04c36591ae,0
9958c0b209,0
182c4c481f,0
2f62d72378,0
7f99676aa5,-1
569f3d002a,0
292f31341d,0
fdb2e3400b,0
bc3f0b4d57,0
c717df3d0b,0
beba502bae,1
2099ad60b4,0
75a21b0311,0
91e080823b,0
e6dd2c7103,0
4f0fb900c5,0
18e66e1d99,0
44cc88bd8f,0
b027bc0b57,1
c54548903b,-1
a275c543bc,0
4993655578,1
4a5a517033,1
99e796c6b5,0
f02845b490,0
6c76f097ee,0
47b2d8c7bc,1
c1659687a7,-1
17b24f8f1b,1
a3b5604d4d,-1
26e893add5,0
537913c589,0
409cdcf22d,0
d34bcd3043,1
d7ae8fcc56,0
a238839b2e,0
869e0ee37d,-1
be1b64ba18,-1
0750a92145,0
ebf47046a8,1
e621d86bb2,1
a1c4805bdc,0
6a5b60035e,0
e1581f0fef,1
b706c7ce8b,-1
40a170cd07,0
787379a7fc,1
23c9064717,0
a437faf98b,0
b792ccbf33,1
a74e8db757,-1
1c0545e1b6,0
2b6938dabc,1
e5c72f647e,0
aac86a031f,1
b5a944e8d4,0
9eb161e7b2,1
187cd7b3b4,0
d1587fa3ef,0
5b4396f8ef,1
466ed5412a,0
ce7050bac0,1
9067480f55,-1
0d4120f986,0
64d15cff8b,1
1026d4db3b,0
5319c224eb,0
b26b890aee,-1
bc5d2cb187,1
0a980f420f,0
8f384d1ecc,1
ef9a919393,0
1f8bba411b,1
e49612f7b7,1
66719c0a3a,0
284d6d8d91,-1
fd1e3d243f,1
87f4fec257,-1
ef4500b900,0
219f2afb25,1
31d2831037,0
efb6903087,0
21090aa1bf,0
d3c7883b70,-1
82e8514e42,1
df15654993,1
4f6a3cec59,0
7861eb63b9,0
d8da684f56,0
2ba773e1ed,1
e4bf31e7fc,-1
00d24820bc,-1
0d49340770,1
23394c88d9,1
d4f26997ea,0
1211079169,0
109c9da82a,-1
b5baeea54b,-1
5951919943,0
047e58902f,0
f298ddeca2,-1
9957758f50,1
3c01887097,1
fda681df7e,0
baf1db4fc0,-1
caf1e1d467,1
c122af5db6,0
d0ddd864e7,1
56ba530547,0
fc6e24d5fe,-1
712596c3c1,0
965e5303bf,1
10c974d034,0
997cbc9830,-1
501ea38173,0
d7faa0bdf1,0
049ff45fc1,1
0bd0267af7,1
a37d43dc94,1
079135be79,1
6c59684320,-1
bc57eb16bf,0
1a9047091d,1
1b8752a573,1
23debc1d28,-1
5602d13315,0
172b64bada,1
3e31641c9d,0
30952fe158,0
752ae50f07,0
5f9977af90,0
4841c6a186,0
eebd10ec84,-1
68b00c1093,-1
f3d90df8e5,0
edd2435a29,1
3f7efc51ae,-1
3589d10b95,1
a8e7ad61f9,-1
25a70ff550,0
11f5fed5f4,-1
3569541fb3,1
ef69b07173,0
8b6c8850f6,0
cf120a3604,1
9c6170a24f,1
02d143ca8e,0
aef901cedc,0
e53ec2765a,1
83c794921e,0
ff4aac3704,1
18e1a4ad29,-1
5a4b1947bb,1
1aa9dc2442,1
1d6542ce61,-1
6fad3964c6,-1
60495ae18f,0
cb0cba3cdd,-1
7118f0c2ea,-1
3d4340640b,0
f1066099d1,1
d365ba7ac7,-1
3061a05f59,0
b32b9bb6a0,-1
52ccf3c40a,0
430e17f2f5,1
526d466020,-1
4f58184f8c,0
77814899ac,0
489e6308c3,-1
d9789112e8,-1
e52613ca5f,0
e0cc02131e,0
213665be3a,0
2d3ffdcc60,1
00fe5d480e,1
2cbd0d2a1e,1
5300e02ea8,0
4307eda283,1
25a371cf5c,0
a8a9410984,0
836da0ae53,0
6543268b8e,-1
861fbbd125,0
dde78f6034,-1
6760095d26,0
f1d36523e4,0
ac1453b59b,0
768d3a1684,0
289faaa01a,1
04b3e1e3c4,1
a87a6b7dff,-1
493d2ff5cb,0
6fd7d38a2c,0
1ef1884a5d,1
b5a8dd74af,0
cc12935065,-1
9c3ea055e1,0
ace7f354d4,0
28ffa6fd26,0
0d755c647f,-1
60a2bc467b,0
a0aeed26ae,0
dcd66fb04d,1
61da15ed92,1
a8d7c2e224,-1
55efc4b32a,-1
133edb1536,1
aad74deb6a,0
e1aad9a182,-1
fae15a80a1,-1
0a9285e46b,1
3a3e7534bb,-1
20cb55bf64,0
a429fcc2dd,1
8e3d4e88b1,1
cff4afe203,-1
a8f1198777,1
6eac7e16d0,0
b3e9409293,-1
e746f8e50c,1
bc8b00b53b,0
eb5a650cf5,-1
2a99950374,1
ebd04776ad,1
0898bea352,-1
c02c3ca47a,1
d1b3d262ab,1
13974ce4ae,0
12ad699e21,1
bf8224de59,0
7154c869fb,-1
6f0d44fdb9,1
3fa153807b,1
b8611c12ab,1
6a9772befb,-1
1c1eb9cabe,0
853f22204f,-1
a838327486,0
e5c49a55bd,0
b8f8292fd2,0
37a86d490d,1
e71a951529,0
6d79c866d7,1
fc8e976252,0
10c9cb225c,0
af8b6484ae,0
23ce1eb82a,0
d3e9c688e6,1
830666767e,1
080772ec9e,-1
e8cd8b00a7,0
31f01b56cb,0
030046d376,-1
c87a39f4e8,1
248be8ea8c,0
2453b18844,0
4148ac85aa,1
a09db1d8e0,-1
732e306284,1
9aa55592c3,0
93388ad854,0
9c1776b927,0
ded851f55b,0
baffe5c370,-1
3842596858,1
b0bafad68f,0
aa4239d9c5,1
c48952dfc8,0
0e1eeeb246,-1
d7348f054c,0
8e18e9470d,0
aa3dc1ed24,-1
e30842cc87,0
82e0076a98,0
8beea838a8,-1
86efe918c0,1
6fe0339d7f,0
675034075d,1
b2ed3f9d88,1
1016a2a8c6,0
eacd8da4d5,0
5c0e1ac3de,0
0a5559b6e1,1
ead2eb54cb,-1
658eafe842,0
9ea6b25a0f,-1
d14adbadf6,1
07dd4f77ca,0
fa70fcaa36,0
6b75346eb6,1
acb1e3c8ca,0
8a520f9193,-1
44f8845ebb,1
5d51638881,-1
8bfdc0c384,-1
66e732023d,0
a75864a6ff,-1
838060c4f6,1
763fabaade,-1
2acedf8fb3,0
d7ab1c5c19,1
bfb2837e80,-1
64c7f282aa,1
714944ff06,0
a8318882f4,1
6f219f740a,1
0f52aa7acb,0
92ab5e3bda,1
758acc99a3,1
bcd9007146,1
5d519b93cb,1
4f7478329e,1
b7e63c0afd,1
6b1888d428,0
b045fab3b2,-1
96f9c0f12f,-1
2edbb64f39,0
ad05d29925,0
d0564ae3b9,1
e19a790da6,-1
195fe895f3,0
4419137816,-1
5126a90815,0
bec99fc8a6,1
58d9034e5a,0
964afdb84f,-1
5857e03ff7,-1
7aa3623819,0
ebb4b46102,0
b5340634cf,0
4087bfbdcb,1
2f926b3bfc,1
31aca99031,0
f7f49a6a76,0
e524644f29,0
65652cc3e9,0
f212884f12,0
15bc83396e,0
c82868d020,-1
0e72a8e4c4,1
052fd8503f,1
60ea3c48cd,0
72b528b31c,-1
1a80daa08c,0
070ca7da4e,0
45e93f08e9,0
11477d88a6,0
c2764abb3a,-1
9876f8ccdb,0
1d37e4ea5a,1
7367ade47c,0
1205d7fea0,-1
13ccc635fb,1
d33e8ac991,1
2236952f39,0
3fbe48cbcc,0
b2436074c8,-1
6e63f40838,0
356612373c,0
cc130d5395,1
2a2a94909b,-1
f3013746c1,1
b10f7538a4,1
2ef59331d4,0
4026bcb2da,1
3cba43fc4c,0
dd89cfc836,-1
85d8489b95,0
739ee8c860,0
e75e5839b8,-1
559de650d8,-1
71cd490afd,0
7cf57898aa,0
30039e5af0,0
889e30ce82,0
cf1cfb7974,1
f6a5b3c200,1
eb21b96815,1
c2ca335a00,-1
ad2cadde1f,0
28ae740b75,-1
359faf56bb,0
0b1ea8efb8,1
f154f515e2,1
a5220aee63,1
13d442f61e,0
21c98ed268,1
fcc3b3106b,0
267ecc9734,-1
5c32a2bfe1,0
283032b6fc,-1
ea6f980444,0
240ece0a71,1
0256fddd6e,-1
24b41909f0,0
9a25aa934a,1
b57c2e1b1b,0
c35cc39745,-1
cd6a649bf2,-1
bccac9384b,0
08cb273d08,0
212c730176,0
1d0cd79183,1
5df0d0ac4d,0
55d7d91bf1,0
67a2491236,1
16b3984062,1
05f2298e27,1
ff6a9a7ced,0
5ff4d420d4,0
f2f8575acd,0
e220c9718c,1
764dcd976c,0
ea8bc32e31,-1
846b1fa412,-1
d8869479ef,1
d778dcd926,-1
0792977768,1
5666b2ac43,0
dc615e3620,1
db31fbb90e,1
22cffe58dd,-1
a0f4118dff,0
19b338cb5a,1
4d62ce269c,0
356806ac4a,0
a3a144ac53,0
c953812bb4,1
34743fc898,1
e9686c5363,1
17bd73ae75,1
69a657b7af,0
2a2319b6c0,1
63724c498d,0
9ebd5f7d26,1
3c9b045209,1
5c74791bcc,1
b3664df50f,1
96c493c120,0
8451db766a,1
9322cef244,0
33cced597a,0
63c58b23b8,-1
76a1915d42,1
3054f68f8f,1
ccf13e120a,0
35bddeffab,-1
43780b6cdc,1
7a44442efb,1
2b1304ebe3,-1
dbb53c6361,0
a9bcff349b,0
1eff41ecb9,0
60310066cd,0
98482e367d,1
dae7c613cf,0
4323276143,1
1d83006598,1
b768532cee,0
3619b7eaa9,1
2d36a32ccc,0
85fc202c9f,0
59ad4424ae,1
dc65c0df56,1
8e9ff57b9f,0
7111b97f8b,0
2a8293eff9,0
73ec3f09bc,1
86349598f2,1
2df3d43c70,1
1926d9c607,0
7e9c64f53c,1
990b3bbbc3,-1
f4ebb15559,0
b1616de9e3,1
9debd8ba0a,-1
e76ee58752,1
4edb199251,0
84086ab411,1
2b7cc410a8,1
7d71ed6cca,1
d5b22e6f8d,0
6df205f29d,0
e9d619c58a,0
85a1647516,0
e49a6d89af,0
01c74d0ef9,1
15308eb8b5,-1
95299328cf,0
2f8f6756f8,0
03dcbacc34,0
534f2c0be4,0
eb164ae88d,0
5df567a0ca,0
1edcdbfc7c,-1
8cbdc60b6c,0
33e57fa683,-1
a50e567615,1
02d7cd83aa,0
57a797b227,-1
9eab2b1c6e,0
3be7666c04,1
47a6331b6d,0
be0663345f,1
e11c4dcfa2,1
f707428880,1
4cbf1245f1,0
48ff26d235,0
b4774f279b,-1
a848fc7117,-1
b362a18069,1
4f5e049d99,0
922386c343,0
ba441a931c,-1
51f7c77a1b,-1
6a5a03820c,1
d5442302ca,1
89b02ed247,0
6861859048,1
6d875af76c,0
0d41f6db64,0
aaea02ee5d,-1
8a5aa36b9a,0
7568c17ca2,-1
d03238d9a5,1
1d0171d33b,0
4abcd08a1c,1
cb053ad5e1,0
e48869e430,0
d34b17d10d,1
1f3ec4001c,0
5032a10528,0
aff763aca8,0
c3c933e9c0,-1
3e9588a0cf,0
fb96377087,-1
ba2ca13dea,0
3096e8f7a7,1
e252080983,-1
059b57cde7,1
e705f6bbc4,1
d39169c3e1,-1
8c0677752c,0
1ff7860364,0
599f1f8990,0
2f46d46957,0
eeda7589d1,0
30117c8d54,0
8e5295f4ba,1
258ff84502,0
09bb6e7cd7,0
bb4086d0f5,1
a382ddc8ab,0
31a40571fa,1
401421e6f8,-1
3c7b7bce72,0
e0ddd36d21,1
a9f071a882,-1
a886c0dacc,0
018320428d,1
ed6d988f8b,0
b53f224650,1
b37b0c312f,1
cc8434cea8,1
4a5fbd6fff,1
8ce63036b6,0
fa3a9a8ae1,0
7fcb97c605,1
ed4f1e7243,1
1272ae335d,1
78412c340c,0
9cf7baf5ff,0
a92f210df8,1
da5d7be73c,1
0fb97f7393,-1
e23f5637d8,0
bf001bb647,0
5fb13ad43b,1
1d7a41efd0,0
6b656bfe39,-1
b9286f3d97,1
ff8e594881,1
6b3e0d834a,-1
fc96b41821,0
09ab842cf0,0
392ecf64c1,-1
fd98351815,1
f0192746b1,1
e4a5c3c8d9,1
840b92eff2,0
66016d9678,1
3f7605944f,-1
b8009790bb,-1
a831ed1fc3,1
e750b07f8a,0
94d0d6b7b6,-1
d10ae08062,-1
b4ed9380c9,0
3ecf7b4ad2,0
6e8c534f05,0
fe7ead2313,1
ada344d14e,-1
36dfc1e815,1
b1295962b5,0
3e69ae7988,0
9a6716bd68,1
35591d1822,1
1ac2e6cdab,1
340687ff7b,1
a756f71f5a,-1
510bbd1ee9,1
8080fd4107,1
f4b1886d05,1
aa159fc641,1
9e73827c5f,0
581e18d318,1
be47445c77,0
f08ee0c7bf,0
ab7ad2d96a,0
e27d0ff7b5,0
54006f91f6,-1
74473b8233,0
fd441a6c10,1
e21149b7ba,0
f847cfc122,0
44b20efff8,1
5078a98b68,0
78d838aac7,1
d735d4e4ac,0
9223b51f27,0
df4d3c438d,0
8bd436b8d7,1
f74fb70619,0
cecebca216,0
59f633296e,0
957bd0a5b9,0
8eacdf2ce3,0
690e9cdb5d,0
e3f6d6ea72,1
729e926ee2,0
e3a9742be3,0
84b371c47d,1
d74915d249,0
538976febf,-1
0569a3a493,1
025965cae1,-1
a6c9c12e73,-1
5b3a224d1b,0
b94d6b8294,1
32e991c536,0
3ab91933e5,0
7d598b5d8b,1
a29d8c700e,-1
bc6237fbe7,0
d09bff7836,0
a1afc676fb,1
003f8a63e9,0
f8fe27a34c,-1
f2ef74455d,0
2b11dd0294,0
178be751c1,0
0d541d3f7b,0
00c5b21831,0
7c1ed6dd02,0
51e7900cda,1
793ab77d1f,1
7b8773aa94,-1
4f624cef31,-1
ba6cb8571e,0
897baca21d,1
d0b1f2f371,1
cef2407169,0
c8d74457b1,0
0bf3bd324b,-1
9e02ccec3f,-1
8ac2e9ab06,-1
a663fc6dc0,1
18f172b978,0
98810b8647,0
d3998bc3ab,-1
c6d630a10c,-1
eb7a187c03,0
0a21eca715,0
f70018cbe9,-1
0bfb1006b9,-1
f1df499466,-1
de4da367a4,-1
07a8ec4593,1
cd06512bbb,-1
